ber,trial,fid
0.01,0,75.80807495117188
0.01,1,75.21530151367188
0.01,2,75.21530151367188
0.01,3,75.21530151367188
0.01,4,75.21530151367188
0.01,5,75.21530151367188
0.01,6,75.21530151367188
0.01,7,75.21530151367188
0.01,8,75.21530151367188
0.01,9,75.21530151367188
