ber,trial,fid
0.0001,0,49.01152801513672
0.0001,1,48.803375244140625
0.0001,2,48.803375244140625
0.0001,3,48.803375244140625
0.0001,4,48.803375244140625
0.0001,5,48.803375244140625
0.0001,6,48.803375244140625
0.0001,7,48.803375244140625
0.0001,8,48.803375244140625
0.0001,9,48.803375244140625
