ber,trial,fid
0.1,0,101.94474792480469
0.1,1,102.37096405029297
0.1,2,102.37096405029297
0.1,3,102.37096405029297
0.1,4,102.37096405029297
0.1,5,102.37096405029297
0.1,6,102.37096405029297
0.1,7,102.37096405029297
0.1,8,102.37096405029297
0.1,9,102.37096405029297
