ber,trial,fid
1e-06,0,28.472396850585938
1e-06,1,28.472396850585938
1e-06,2,28.472396850585938
1e-06,3,28.472396850585938
1e-06,4,28.472396850585938
1e-06,5,28.472396850585938
1e-06,6,28.472396850585938
1e-06,7,28.472396850585938
1e-06,8,28.472396850585938
1e-06,9,28.472396850585938
