ber,trial,fid
1e-05,0,28.472396850585938
1e-05,1,28.472396850585938
1e-05,2,28.472396850585938
1e-05,3,28.472396850585938
1e-05,4,28.472396850585938
1e-05,5,28.472396850585938
1e-05,6,28.472396850585938
1e-05,7,28.472396850585938
1e-05,8,28.472396850585938
1e-05,9,28.472396850585938
