ber,trial,fid
0.001,0,67.05010223388672
0.001,1,66.91084289550781
0.001,2,66.91084289550781
0.001,3,66.91084289550781
0.001,4,66.91084289550781
0.001,5,66.91084289550781
0.001,6,66.91084289550781
0.001,7,66.91084289550781
0.001,8,66.91084289550781
0.001,9,66.91084289550781
